{
    "SWIR - Cross-Section 0.25 m\u00b2": [
        61237.45398514545,
        78656.10756314237,
        98252.09283838894,
        120025.40981088509,
        143976.05848063083,
        170104.03884762627
    ],
    "SWIR - Cross-Section 1.0 m\u00b2": [
        122474.9079702909,
        157312.21512628475,
        196504.18567677788,
        240050.81962177018,
        287952.11696126166,
        340208.07769525255
    ],
    "MWIR - Cross-Section 0.25 m\u00b2": [
        61237.45398514545,
        78656.10756314237,
        98252.09283838894,
        120025.40981088509,
        143976.05848063083,
        170104.03884762627
    ],
    "MWIR - Cross-Section 1.0 m\u00b2": [
        122474.9079702909,
        157312.21512628475,
        196504.18567677788,
        240050.81962177018,
        287952.11696126166,
        340208.07769525255
    ],
    "LWIR - Cross-Section 0.25 m\u00b2": [
        61237.45398514545,
        78656.10756314237,
        98252.09283838894,
        120025.40981088509,
        143976.05848063083,
        170104.03884762627
    ],
    "LWIR - Cross-Section 1.0 m\u00b2": [
        122474.9079702909,
        157312.21512628475,
        196504.18567677788,
        240050.81962177018,
        287952.11696126166,
        340208.07769525255
    ]
}